1,ariley0@stumbleupon.com,Annie,Riley,07/27/1993,3da541559918a808c2402bba5012f6c60b27661c
2,pdiaz1@mapy.cz,Phyllis,Diaz,05/19/1987,4da541559918a808c2402bba5012f6c60b27661c
3,wadams2@livejournal.com,Willie,Adams,03/27/1991,5da541559918a808c2402bba5012f6c60b27661c
4,jscott3@barnesandnoble.com,Joseph,Scott,09/16/1993,6da541559918a808c2402bba5012f6c60b27661c
5,cjohnson4@youku.com,Craig,Johnson,03/09/1993,7da541559918a808c2402bba5012f6c60b27661c
6,ahunt5@vistaprint.com,Anthony,Hunt,01/06/1995,8da541559918a808c2402bba5012f6c60b27661c
7,khayes6@ow.ly,Keith,Hayes,09/11/1990,9da541559918a808c2402bba5012f6c60b27661c
8,rjenkins7@economist.com,Roy,Jenkins,12/27/1988,10da541559918a808c2402bba5012f6c60b27661c
9,cboyd8@barnesandnoble.com,Christopher,Boyd,07/30/1986,11da541559918a808c2402bba5012f6c60b27661c
10,ppeterson9@macromedia.com,Patricia,Peterson,03/09/1988,12da541559918a808c2402bba5012f6c60b27661c
